LOCODE,wikidata_id,distance
DEWII,Q32760937,
GBBRT,Q527391,0.5200899482693142
USZJD,Q2278175,0.6437427917157906
USZJH,Q2404914,1.6185355890644273
VESNF,Q965754,
USBMZ,Q957345,
CAGAR,Q115178189,0.6761919854081373
BRIRN,Q595033,1.2091182934403093
ESQ8A,Q24017141,0.6676900729456643
DERM9,Q32722126,0.0
